operation,source,destination,change,explanation,status,verification
"Create xWalk-rpi5","MyPiCarX","MyPiCarX/xWalk-rpi5","Created the product grouping directory","Groups Raspberry Pi 5 product components without moving root integration tooling","Applied","Directory exists at the exact requested root"
"Move xWalkAgent","xWalkAgent","xWalk-rpi5/xWalkAgent","Moved the tracked directory with git mv","Groups the agent component while preserving Git rename history","Applied","Old path absent; destination present"
"Move xWalkAudioResources","xWalkAudioResources","xWalk-rpi5/xWalkAudioResources","Moved the tracked directory with git mv","Groups product audio resources while preserving Git rename history","Applied","Old path absent; destination present"
"Move xWalkController","xWalkController","xWalk-rpi5/xWalkController","Moved the tracked directory with git mv","Groups the controller component while preserving Git rename history","Applied","Old path absent; destination present"
"Move xWalkHal","xWalkHal","xWalk-rpi5/xWalkHal","Moved the tracked directory with git mv","Groups the HAL component while preserving Git rename history","Applied","Old path absent; destination present; approved empty nested .git directory preserved"
"Move xWalkIW","xWalkIW","xWalk-rpi5/xWalkIW","Moved the tracked directory with git mv","Groups the interface component while preserving Git rename history","Applied","Old path absent; destination present"
"Move xWalkLibrary","xWalkLibrary","xWalk-rpi5/xWalkLibrary","Moved the tracked directory with git mv","Groups shared product libraries while preserving Git rename history","Applied","Old path absent; destination present"
"Move DevloperNote","DevloperNote","xWalk-rpi5/DevloperNote","Moved the tracked directory with git mv","Groups product documentation and preserves the requested spelling and history","Applied","Old path absent; destination present"
"Move xWalkTrace","xWalkTrace","xWalk-rpi5/xWalkTrace","Moved the tracked directory with git mv","Groups tracing while preserving the existing target and Git rename history","Applied","Old path absent; destination present"
"Update root CMake","CMakeLists.txt","CMakeLists.txt","Added XWALK_RPI5_ROOT and redirected component subdirectories and file paths","Keeps the complete project buildable from the existing workspace root","Applied","Fresh Ninja configure and 615-target build passed"
"Update xWalkIW CMake","xWalk-rpi5/xWalkIW/CMakeLists.txt","xWalk-rpi5/xWalkIW/CMakeLists.txt","Adjusted the relative xWalkTool generator path","xWalkTool remains at the workspace root","Applied","Schema validation passed during build and CTest"
"Update controller CMake","xWalk-rpi5/xWalkController/CMakeLists.txt","xWalk-rpi5/xWalkController/CMakeLists.txt","Adjusted root-level deployment tool paths","Packaging inputs still resolve after the controller move","Applied","Fresh configure and build passed"
"Update centralized HAL test path","xWalk-rpi5/xWalkHal/xWalkTest/xGoogleTest/src/main.cpp","xWalk-rpi5/xWalkHal/xWalkTest/xGoogleTest/src/main.cpp","Adjusted generated test-data directory","Centralized tests now use the relocated HAL build tree","Applied","xGoogleTest and complete CTest passed"
"Update toolchain path","cmake/toolchains/aarch64-linux-gnu.cmake","cmake/toolchains/aarch64-linux-gnu.cmake","Redirected the bundled AArch64 dependency prefix","The library directory moved under xWalk-rpi5","Applied","CMake syntax was accepted during validation"
"Update host-quality workflow",".github/workflows/host-quality.yml",".github/workflows/host-quality.yml","Updated diagnostic and soak-report build paths","CI must use the actual generated xWalk-rpi5 build layout","Applied","YAML parsed successfully"
"Update xWalk-rpi5 integration workflow",".github/workflows/xwalk-rpi5-integration.yml",".github/workflows/xwalk-rpi5-integration.yml","Updated the host-safe diagnostic paths","The repository-root workflow must follow the relocated source and binary layout","Applied","YAML parsed successfully"
"Update guideline audit script",".agents/xwalk-guideline-reviewer/scripts/audit.sh",".agents/xwalk-guideline-reviewer/scripts/audit.sh","Redirected DevloperNote filesystem checks","Documentation moved under the product grouping directory","Applied","ShellCheck passed; audit executed"
"Update clean-build script","xWalkTool/shell/clean-build.sh","xWalkTool/shell/clean-build.sh","Updated the repository identity check path","Safe cleanup checks must recognize the reorganized root","Applied","ShellCheck passed"
"Update Eclipse build script","xWalkTool/shell/eclipse-build.sh","xWalkTool/shell/eclipse-build.sh","Updated the controller build directory","Eclipse output remains associated with the relocated controller","Applied","ShellCheck passed"
"Update host ShellCheck script","xWalkTool/shell/run-host-shellcheck.sh","xWalkTool/shell/run-host-shellcheck.sh","Updated library prune paths","Bundled library trees now reside below xWalk-rpi5","Applied","ShellCheck passed"
"Update environment loader","xWalkTool/shell/xWalkEnv.sh","xWalkTool/shell/xWalkEnv.sh","Updated the private licence key path","The licence key remains with xWalkLibrary after relocation","Applied","ShellCheck and environment-loader CTest passed"
"Update environment-loader test","xWalkTool/deployment/test/environment-loader-test.sh","xWalkTool/deployment/test/environment-loader-test.sh","Updated the fixture product-library layout","The fixture must match the environment loader's new path","Applied","ShellCheck and CTest passed"
"Update language-model configuration test","xWalkTool/deployment/test/language-model-config-test.sh","xWalkTool/deployment/test/language-model-config-test.sh","Updated controller and Vosk paths","Deployment validation must read relocated product files","Applied","ShellCheck and CTest passed"
"Update setup test","xWalkTool/deployment/test/setup-rpi-test.sh","xWalkTool/deployment/test/setup-rpi-test.sh","Updated controller and Vosk source paths","Host-safe provisioning fixtures must use relocated product files","Applied","ShellCheck and CTest passed"
"Update dependency-installer test","xWalkTool/deployment/test/dependency-installer-test.py","xWalkTool/deployment/test/dependency-installer-test.py","Updated the HAL inventory path","Module coverage validation must inspect the relocated HAL","Applied","Dependency-installer CTest passed"
"Update dependency installer","xWalkTool/python/xHal_Rpi5CarDependencyInstaller","xWalkTool/python/xHal_Rpi5CarDependencyInstaller","Updated project-managed Vosk paths","Runtime dependency checks must follow xWalkLibrary","Applied","Dependency-installer CTest passed"
"Update IW generator","xWalkTool/python/xHal_Rpi5CarIwGenerator","xWalkTool/python/xHal_Rpi5CarIwGenerator","Updated default xWalkIW and shared-header paths","Generation runs from root-level tooling against relocated product sources","Applied","Schema build and CTest passed"
"Update licence tool","xWalkTool/python/xWalkLicenseTool","xWalkTool/python/xWalkLicenseTool","Updated the fixed licence output path","The encrypted key remains inside relocated xWalkLibrary","Applied","Licence-tool CTest passed"
"Update licence-tool test","xWalkTool/python/test/test_xWalkLicenseTool.py","xWalkTool/python/test/test_xWalkLicenseTool.py","Updated the expected licence path","The test must verify the reorganized fixed output location","Applied","Licence-tool CTest passed"
"Update IDE configuration",".cproject and .vscode/c_cpp_properties.json",".cproject and .vscode/c_cpp_properties.json","Updated tracked source include and resource paths","Eclipse and VS Code must index the relocated directories","Applied","Old root path audit found no IDE stale paths"
"Update ignore paths",".gitignore",".gitignore","Updated private and bundled-library exceptions","Ignore behavior must follow relocated product files","Applied","git check-ignore-compatible syntax retained"
"Update controller path test","xWalk-rpi5/xWalkController/xWalkHandler/test/src/xControllerTest.cpp","xWalk-rpi5/xWalkController/xWalkHandler/test/src/xControllerTest.cpp","Updated relative audio-resource examples","Test path values now represent the reorganized workspace","Applied","Controller tests and complete CTest passed"
"Update documentation paths","Repository documentation","Repository documentation","Updated workspace commands links and physical component paths","Documentation must describe the new xWalk-rpi5 grouping while retaining logical target names","Applied","Stale-path audit leaves only intentional trace-relative and Gerrit-internal references"
"Configure build",".","build-host/xwalk-rpi5-move","Configured a fresh strict Debug Ninja build","Validates CMake integration from the unchanged repository root","Verified","Configure completed successfully"
"Build project",".","build-host/xwalk-rpi5-move","Built the complete host integration","Validates compilation and generated metadata after relocation","Verified","615 targets completed successfully"
"Run tests","build-host/xwalk-rpi5-move","57 CTest entries","Ran all host-safe tests","Verifies unit functional simulator recorded-media streaming deployment and tooling behavior","Verified","57 of 57 passed; physical hardware tests were not run"
"Run host-safe diagnostic","xWalk-rpi5/xWalkController/xWalkConfig/picar-x.conf","xwalk-picarx-control --diagnose --no-hardware","Validated deployment configuration without hardware access","Confirms the relocated executable and configuration paths","Verified","All checks passed and output confirmed no device or service access"
"Run ShellCheck","Modified shell scripts","ShellCheck","Checked all modified shell scripts","Guards shell safety after path edits","Verified","ShellCheck returned zero"
"Validate YAML","Modified GitHub workflows","YAML parser","Parsed both affected workflows","Guards CI syntax after path edits","Verified","Both workflows parsed successfully"
"Audit stale paths","Repository text files","Path audit","Searched for old root-relative component paths","Confirms physical paths were updated without renaming logical targets","Verified","Only intentional trace-catalogue-relative and Gerrit-internal paths remain"
"Validate documentation","Repository documentation","Guideline audit","Ran the repository documentation and coding audit","Records the repository-wide validation result without hiding repository debt","Failed","Audit reported 3876 style/header findings across 1374 files; most are in untouched or generated source content"
"Scan credentials","Repository text files","Credential pattern audit","Checked for committed private-key markers and authorization material","Protects credentials during the reorganization","Verified","No private keys found; only expected authorization-header literals appeared"
"Move checkout Gerrit submodules helper","scripts/ci/checkout-gerrit-submodules.sh","xWalkTool/shell/checkout-gerrit-submodules.sh","Moved the private-submodule checkout helper and updated its validator path","Keeps non-product CI helper scripts in the controlled root-level xWalkTool directory","Applied","Source path absent; destination is executable with mode 0755"
"Move integration metadata validator","scripts/ci/validate-integration-metadata.sh","xWalkTool/shell/validate-integration-metadata.sh","Moved the integration metadata validator","Keeps non-product CI helper scripts outside integrated product source","Applied","Source path absent; destination is executable with mode 0755"
"Update workflow helper paths",".github/workflows/xwalk-rpi5-integration.yml","xWalkTool/shell/*.sh","Redirected all three workflow calls to xWalkTool/shell","GitHub CI must call the helpers at their controlled tooling location","Applied","No scripts/ci helper references remain and workflow YAML parsed"
"Verify relocated CI helpers","xWalkTool/shell/*.sh","Temporary eight-gitlink fixture","Ran ShellCheck Bash syntax metadata validation and metadata-only checkout","Proves relocation did not change helper behavior or require private credentials","Verified","Both helper flows passed against an exact eight-component Gerrit fixture"
